{
  "0": {
    "precision": 1.0,
    "recall": 0.9285714285714286,
    "f1-score": 0.9629629629629629,
    "support": 14.0
  },
  "1": {
    "precision": 1.0,
    "recall": 1.0,
    "f1-score": 1.0,
    "support": 30.0
  },
  "2": {
    "precision": 1.0,
    "recall": 0.9772727272727273,
    "f1-score": 0.9885057471264368,
    "support": 44.0
  },
  "3": {
    "precision": 0.9806451612903225,
    "recall": 1.0,
    "f1-score": 0.990228013029316,
    "support": 152.0
  },
  "4": {
    "precision": 1.0,
    "recall": 0.9841269841269841,
    "f1-score": 0.992,
    "support": 63.0
  },
  "5": {
    "precision": 1.0,
    "recall": 1.0,
    "f1-score": 1.0,
    "support": 23.0
  },
  "accuracy": 0.99079754601227,
  "macro avg": {
    "precision": 0.996774193548387,
    "recall": 0.9816618566618566,
    "f1-score": 0.9889494538531193,
    "support": 326.0
  },
  "weighted avg": {
    "precision": 0.9909756580249357,
    "recall": 0.99079754601227,
    "f1-score": 0.9907558047101249,
    "support": 326.0
  },
  "_training_metrics": {
    "cv_mean_score": 0.9461538461538461,
    "cv_std_score": 0.02242673805709728,
    "test_score": 0.9545454545454546,
    "cv_folds": 5,
    "test_size": 0.2
  }
}