{
  "0": {
    "precision": 0.9285714285714286,
    "recall": 0.9285714285714286,
    "f1-score": 0.9285714285714286,
    "support": 14.0
  },
  "1": {
    "precision": 1.0,
    "recall": 0.9666666666666667,
    "f1-score": 0.9830508474576272,
    "support": 30.0
  },
  "2": {
    "precision": 0.9772727272727273,
    "recall": 0.9772727272727273,
    "f1-score": 0.9772727272727273,
    "support": 44.0
  },
  "3": {
    "precision": 0.9741935483870968,
    "recall": 0.993421052631579,
    "f1-score": 0.9837133550488599,
    "support": 152.0
  },
  "4": {
    "precision": 1.0,
    "recall": 0.9523809523809523,
    "f1-score": 0.975609756097561,
    "support": 63.0
  },
  "5": {
    "precision": 0.9583333333333334,
    "recall": 1.0,
    "f1-score": 0.9787234042553191,
    "support": 23.0
  },
  "accuracy": 0.9785276073619632,
  "macro avg": {
    "precision": 0.9730618395940976,
    "recall": 0.9697188045872256,
    "f1-score": 0.9711569197839206,
    "support": 326.0
  },
  "weighted avg": {
    "precision": 0.9788929019064584,
    "recall": 0.9785276073619632,
    "f1-score": 0.9784969580465465,
    "support": 326.0
  },
  "_training_metrics": {
    "cv_mean_score": 0.9192307692307692,
    "cv_std_score": 0.02826334318595973,
    "test_score": 0.9090909090909091
  }
}