{
  "0": {
    "precision": 1.0,
    "recall": 0.9285714285714286,
    "f1-score": 0.9629629629629629,
    "support": 14.0
  },
  "1": {
    "precision": 1.0,
    "recall": 0.9666666666666667,
    "f1-score": 0.9830508474576272,
    "support": 30.0
  },
  "2": {
    "precision": 0.9565217391304348,
    "recall": 1.0,
    "f1-score": 0.9777777777777777,
    "support": 44.0
  },
  "3": {
    "precision": 0.993421052631579,
    "recall": 0.993421052631579,
    "f1-score": 0.993421052631579,
    "support": 152.0
  },
  "4": {
    "precision": 1.0,
    "recall": 0.9682539682539683,
    "f1-score": 0.9838709677419355,
    "support": 63.0
  },
  "5": {
    "precision": 0.92,
    "recall": 1.0,
    "f1-score": 0.9583333333333334,
    "support": 23.0
  },
  "accuracy": 0.9846625766871165,
  "macro avg": {
    "precision": 0.9783237986270023,
    "recall": 0.9761521860206072,
    "f1-score": 0.9765694903175359,
    "support": 326.0
  },
  "weighted avg": {
    "precision": 0.9854201120298747,
    "recall": 0.9846625766871165,
    "f1-score": 0.9847262784105556,
    "support": 326.0
  },
  "_training_metrics": {
    "cv_mean_score": 0.95,
    "cv_std_score": 0.015384615384615379,
    "test_score": 0.9242424242424242
  }
}