{
  "0": {
    "precision": 1.0,
    "recall": 1.0,
    "f1-score": 1.0,
    "support": 14.0
  },
  "1": {
    "precision": 1.0,
    "recall": 0.9666666666666667,
    "f1-score": 0.9830508474576272,
    "support": 30.0
  },
  "2": {
    "precision": 0.9565217391304348,
    "recall": 1.0,
    "f1-score": 0.9777777777777777,
    "support": 44.0
  },
  "3": {
    "precision": 0.993421052631579,
    "recall": 0.993421052631579,
    "f1-score": 0.993421052631579,
    "support": 152.0
  },
  "4": {
    "precision": 1.0,
    "recall": 0.9682539682539683,
    "f1-score": 0.9838709677419355,
    "support": 63.0
  },
  "5": {
    "precision": 0.9583333333333334,
    "recall": 1.0,
    "f1-score": 0.9787234042553191,
    "support": 23.0
  },
  "accuracy": 0.9877300613496932,
  "macro avg": {
    "precision": 0.984712687515891,
    "recall": 0.988056947925369,
    "f1-score": 0.986140674977373,
    "support": 326.0
  },
  "weighted avg": {
    "precision": 0.9881246110073798,
    "recall": 0.9877300613496932,
    "f1-score": 0.9877553892992801,
    "support": 326.0
  },
  "_training_metrics": {
    "cv_mean_score": 0.9423076923076923,
    "cv_std_score": 0.01216260638526299,
    "test_score": 0.9393939393939394
  }
}