{
  "0": {
    "precision": 1.0,
    "recall": 1.0,
    "f1-score": 1.0,
    "support": 14.0
  },
  "1": {
    "precision": 1.0,
    "recall": 1.0,
    "f1-score": 1.0,
    "support": 30.0
  },
  "2": {
    "precision": 1.0,
    "recall": 0.9772727272727273,
    "f1-score": 0.9885057471264368,
    "support": 44.0
  },
  "3": {
    "precision": 0.987012987012987,
    "recall": 1.0,
    "f1-score": 0.9934640522875817,
    "support": 152.0
  },
  "4": {
    "precision": 1.0,
    "recall": 0.9841269841269841,
    "f1-score": 0.992,
    "support": 63.0
  },
  "5": {
    "precision": 1.0,
    "recall": 1.0,
    "f1-score": 1.0,
    "support": 23.0
  },
  "accuracy": 0.9938650306748467,
  "macro avg": {
    "precision": 0.9978354978354979,
    "recall": 0.9935666185666187,
    "f1-score": 0.9956616332356697,
    "support": 326.0
  },
  "weighted avg": {
    "precision": 0.9939447056011474,
    "recall": 0.9938650306748467,
    "f1-score": 0.9938551804333609,
    "support": 326.0
  },
  "_training_metrics": {
    "cv_mean_score": 0.9423076923076923,
    "cv_std_score": 0.02432521277052596,
    "test_score": 0.9696969696969697,
    "cv_folds": 5,
    "test_size": 0.2
  }
}